[
  {
    "__type__": "cc.Prefab",
    "_name": "monster",
    "_objFlags": 0,
    "_native": "",
    "data": {
      "__id__": 1
    },
    "optimizationPolicy": 0,
    "asyncLoadAssets": false,
    "readonly": false
  },
  {
    "__type__": "cc.Node",
    "_name": "monster",
    "_objFlags": 0,
    "_parent": null,
    "_children": [],
    "_active": true,
    "_components": [
      {
        "__id__": 2
      },
      {
        "__id__": 3
      },
      {
        "__id__": 4
      }
    ],
    "_prefab": {
      "__id__": 5
    },
    "_opacity": 255,
    "_color": {
      "__type__": "cc.Color",
      "r": 255,
      "g": 255,
      "b": 255,
      "a": 255
    },
    "_contentSize": {
      "__type__": "cc.Size",
      "width": 46,
      "height": 44
    },
    "_anchorPoint": {
      "__type__": "cc.Vec2",
      "x": 0.5,
      "y": 0.5
    },
    "_trs": {
      "__type__": "TypedArray",
      "ctor": "Float64Array",
      "array": [
        0,
        0,
        0,
        0,
        0,
        0,
        1,
        1,
        1,
        1
      ]
    },
    "_eulerAngles": {
      "__type__": "cc.Vec3",
      "x": 0,
      "y": 0,
      "z": 0
    },
    "_skewX": 0,
    "_skewY": 0,
    "_is3DNode": false,
    "_groupIndex": 8,
    "groupIndex": 8,
    "_id": ""
  },
  {
    "__type__": "cc.Sprite",
    "_name": "",
    "_objFlags": 0,
    "node": {
      "__id__": 1
    },
    "_enabled": true,
    "_materials": [
      {
        "__uuid__": "eca5d2f2-8ef6-41c2-bbe6-f9c79d09c432"
      }
    ],
    "_srcBlendFactor": 770,
    "_dstBlendFactor": 771,
    "_spriteFrame": {
      "__uuid__": "f66bab96-cbdf-47c8-a0ec-1b645bb83f5d"
    },
    "_type": 0,
    "_sizeMode": 1,
    "_fillType": 0,
    "_fillCenter": {
      "__type__": "cc.Vec2",
      "x": 0,
      "y": 0
    },
    "_fillStart": 0,
    "_fillRange": 0,
    "_isTrimmedMode": true,
    "_atlas": null,
    "_id": ""
  },
  {
    "__type__": "1a41esMbP9Ej7RB5v84dGHS",
    "_name": "",
    "_objFlags": 0,
    "node": {
      "__id__": 1
    },
    "_enabled": true,
    "ndAni": null,
    "type": 1,
    "_id": ""
  },
  {
    "__type__": "cc.PolygonCollider",
    "_name": "",
    "_objFlags": 0,
    "node": {
      "__id__": 1
    },
    "_enabled": true,
    "tag": 0,
    "_offset": {
      "__type__": "cc.Vec2",
      "x": 0,
      "y": 0
    },
    "points": [
      {
        "__type__": "cc.Vec2",
        "x": -4,
        "y": 22
      },
      {
        "__type__": "cc.Vec2",
        "x": -7,
        "y": 20
      },
      {
        "__type__": "cc.Vec2",
        "x": -14,
        "y": 19
      },
      {
        "__type__": "cc.Vec2",
        "x": -22,
        "y": 9
      },
      {
        "__type__": "cc.Vec2",
        "x": -23,
        "y": -8
      },
      {
        "__type__": "cc.Vec2",
        "x": -17,
        "y": -13
      },
      {
        "__type__": "cc.Vec2",
        "x": -17,
        "y": -15
      },
      {
        "__type__": "cc.Vec2",
        "x": 0,
        "y": -22
      },
      {
        "__type__": "cc.Vec2",
        "x": 5,
        "y": -22
      },
      {
        "__type__": "cc.Vec2",
        "x": 9,
        "y": -19
      },
      {
        "__type__": "cc.Vec2",
        "x": 15,
        "y": -18
      },
      {
        "__type__": "cc.Vec2",
        "x": 17,
        "y": -13
      },
      {
        "__type__": "cc.Vec2",
        "x": 21,
        "y": -9
      },
      {
        "__type__": "cc.Vec2",
        "x": 23,
        "y": -9
      },
      {
        "__type__": "cc.Vec2",
        "x": 23,
        "y": 2
      },
      {
        "__type__": "cc.Vec2",
        "x": 18,
        "y": 12
      },
      {
        "__type__": "cc.Vec2",
        "x": 4,
        "y": 22
      }
    ],
    "_id": ""
  },
  {
    "__type__": "cc.PrefabInfo",
    "root": {
      "__id__": 1
    },
    "asset": {
      "__id__": 0
    },
    "fileId": "",
    "sync": false
  }
]