{
  "23b72eab-0094-4ba6-ad2f-1eaad97cdef5": {
    "asset": 1761118334822,
    "meta": 1761118474483,
    "relativePath": "bundle"
  },
  "4e359d4c-a0ed-483a-a87c-6f87ac14d0c1": {
    "asset": 1761118335157,
    "meta": 1761118474533,
    "relativePath": "resources"
  },
  "702191f7-9ea1-40aa-b87d-9614dd0a8abf": {
    "asset": 1761616283074,
    "meta": 1761616370293,
    "relativePath": "scenes"
  },
  "bda321cf-af35-497d-8b5b-c968ef6d35d4": {
    "asset": 1762389694490,
    "meta": 1762476216773,
    "relativePath": "scripts"
  },
  "178d3acf-6467-4512-9eed-762e71d94775": {
    "asset": 1761118334761,
    "meta": 1761118474537,
    "relativePath": "bundle\\ani"
  },
  "2ca54be6-a431-4bcb-aa76-8517143a2258": {
    "asset": 1762389676249,
    "meta": 1762476216774,
    "relativePath": "bundle\\pb"
  },
  "36b65e39-4426-4723-aa0f-0ad4980d009e": {
    "asset": 1762389832733,
    "meta": 1762476216775,
    "relativePath": "bundle\\res"
  },
  "8faff88f-76d7-41cc-8054-613dc698671e": {
    "asset": 1762488473531,
    "meta": 1762762990275,
    "relativePath": "resources\\music"
  },
  "86f34490-9b7a-4839-b8de-f15a0b2f13c3": {
    "asset": 1761118335155,
    "meta": 1761118474542,
    "relativePath": "resources\\pb"
  },
  "878298d3-376e-4540-9bde-06e0baaebb37": {
    "asset": 1761181328540,
    "meta": 1761266273848,
    "relativePath": "resources\\res"
  },
  "38ec7bdb-d321-41ce-8904-a0d5e44ec64e": {
    "asset": 1761118335209,
    "meta": 1761118474569,
    "relativePath": "scripts\\com"
  },
  "bbf04680-0cdd-4e94-a673-2e5d3f2da760": {
    "asset": 1747970948000,
    "meta": 1761118474684,
    "relativePath": "scripts\\food.ts"
  },
  "81164935-6bdf-4173-b56e-581bea0791cb": {
    "asset": 1747970948000,
    "meta": 1761118474966,
    "relativePath": "scripts\\JoyStick.ts"
  },
  "458fa109-0692-4f71-9b22-82f6dc430e69": {
    "asset": 1761640911083,
    "meta": 1761699814126,
    "relativePath": "scripts\\LGQ"
  },
  "989fdb2d-051d-436a-8a7a-fb97ea0f2c8e": {
    "asset": 1761118335236,
    "meta": 1761118474992,
    "relativePath": "scripts\\model"
  },
  "6724617f-8885-47e4-af37-bdbabcebe20d": {
    "asset": 1747970948000,
    "meta": 1761118475117,
    "relativePath": "scripts\\SnakeManager.ts"
  },
  "f425442e-861c-412f-b517-964f77e5c602": {
    "asset": 1762389623468,
    "meta": 1762476216776,
    "relativePath": "bundle\\pb\\item"
  },
  "feabb09b-c4e9-4d2e-92d2-5c02a3999584": {
    "asset": 1762389765389,
    "meta": 1762476216776,
    "relativePath": "bundle\\res\\bg"
  },
  "17ec7ff6-d0a7-41c8-925b-b598d0be49e4": {
    "asset": 1762476274093,
    "meta": 1762762990276,
    "relativePath": "bundle\\res\\game"
  },
  "f17fa977-3228-4206-a870-2f389183296a": {
    "asset": 1764647997540,
    "meta": 1764647997545,
    "relativePath": "scenes\\start.fire"
  },
  "9d086413-09d1-4e32-9dbc-906b08abf80b": {
    "asset": 1762389815225,
    "meta": 1762476216778,
    "relativePath": "bundle\\res\\item"
  },
  "14535c79-2177-4336-ad51-f1da610c1a1f": {
    "asset": 1761730531251,
    "meta": 1761730531260,
    "relativePath": "bundle\\pb\\GameOver.prefab"
  },
  "a2170cb5-ae6c-4fae-b532-71bf29fcb00b": {
    "asset": 1747970948000,
    "meta": 1761118475429,
    "relativePath": "scripts\\com\\GameRoot.ts"
  },
  "dad1dcb8-0ade-4abf-ac5f-e6cd2d1406d9": {
    "asset": 1747970948000,
    "meta": 1761118475636,
    "relativePath": "scripts\\com\\PromptFly.ts"
  },
  "d634ed2e-1415-4448-8011-c346c657f33b": {
    "asset": 1747970948000,
    "meta": 1761118475659,
    "relativePath": "scripts\\LGQ\\AudioManager.ts"
  },
  "36ea07ef-d67d-4ac1-980e-b380f337bf58": {
    "asset": 1747970948000,
    "meta": 1761118475764,
    "relativePath": "scripts\\LGQ\\ResManager.ts"
  },
  "11c0fa38-65e7-4140-8f1d-eb510a87b6af": {
    "asset": 1747970948000,
    "meta": 1761118476041,
    "relativePath": "scripts\\LGQ\\ScrollViewList.ts"
  },
  "bef262a2-c950-4fa7-81e0-6d1720694916": {
    "asset": 1747970948000,
    "meta": 1761118476069,
    "relativePath": "scripts\\LGQ\\ScrollViewListItem.ts"
  },
  "f9053df5-368c-4cb8-906f-05dfcd3b927b": {
    "asset": 1747970948000,
    "meta": 1761118476106,
    "relativePath": "scripts\\LGQ\\SdkUtils.ts"
  },
  "dc547435-800f-430a-b4a2-55a97fcc36db": {
    "asset": 1747970948000,
    "meta": 1761118476109,
    "relativePath": "resources\\pb\\DialogView.prefab"
  },
  "77454940-7fae-47d0-a78a-62157c336b89": {
    "asset": 1747970948000,
    "meta": 1761118476119,
    "relativePath": "resources\\pb\\PromptFly.prefab"
  },
  "07795312-230a-4a44-8e7d-4c66be077b67": {
    "asset": 1748939402000,
    "meta": 1761118476184,
    "relativePath": "scripts\\model\\ModelPlayer.ts"
  },
  "059d4e3a-aad6-4173-8bf3-54288bf8324f": {
    "asset": 1747970948000,
    "meta": 1761118476245,
    "relativePath": "bundle\\ani\\NewProject.atlas"
  },
  "564c2d4b-d2c3-4856-9564-4431a615fe75": {
    "asset": 1761722780975,
    "meta": 1761722780978,
    "relativePath": "bundle\\pb\\item\\food0.prefab"
  },
  "884f1f8d-3afe-47ee-b609-99d4d032ca2c": {
    "asset": 1747970948000,
    "meta": 1761118476271,
    "relativePath": "bundle\\ani\\NewProject.png"
  },
  "da621baf-ad1e-4cc2-a802-c9a0dc1ac09a": {
    "asset": 1747970948000,
    "meta": 1761118476296,
    "relativePath": "resources\\res\\bg_tishidi.png"
  },
  "07663a52-42e2-4e4b-9f67-75f462384095": {
    "asset": 1747970948000,
    "meta": 1761118476318,
    "relativePath": "bundle\\pb\\item\\monster0.prefab"
  },
  "48c8d87c-9766-4c66-a178-6c12dd7b191a": {
    "asset": 1761119826455,
    "meta": 1761119826460,
    "relativePath": "bundle\\pb\\item\\monster1.prefab"
  },
  "5c1b74af-57da-4d42-b271-0cee5134437e": {
    "asset": 1747970948000,
    "meta": 1761118476334,
    "relativePath": "bundle\\res\\game\\0.png"
  },
  "3abf0761-925b-4f7e-9d2b-df53ae412776": {
    "asset": 1747970948000,
    "meta": 1761118476336,
    "relativePath": "bundle\\res\\game\\1.png"
  },
  "5ea3cdd9-db49-4d2d-bed2-62de2a6d6ebc": {
    "asset": 1747970948000,
    "meta": 1761118476343,
    "relativePath": "bundle\\res\\game\\2.png"
  },
  "0255731f-1c33-43ee-bde8-9d11c705a58e": {
    "asset": 1747970948000,
    "meta": 1761118476344,
    "relativePath": "bundle\\res\\game\\3.png"
  },
  "5ff818b8-9073-426a-8444-bfd3d2a5aad5": {
    "asset": 1747970948000,
    "meta": 1761118476396,
    "relativePath": "bundle\\res\\game\\btnExit.png"
  },
  "e1a10d53-4963-4773-9cd9-ca33123ee569": {
    "asset": 1747970948000,
    "meta": 1761118476408,
    "relativePath": "bundle\\res\\game\\btnJX.png"
  },
  "be649482-dcc0-4a80-8f4c-a5ed82b07f86": {
    "asset": 1747970948000,
    "meta": 1761118476411,
    "relativePath": "bundle\\res\\game\\btnPause.png"
  },
  "42d1cd57-b87a-4b9d-8336-cb073f89ab96": {
    "asset": 1747970948000,
    "meta": 1761118476442,
    "relativePath": "bundle\\res\\game\\jiasu.png"
  },
  "89756b46-7e33-455a-9834-6b44e7c03844": {
    "asset": 1747970948000,
    "meta": 1761118476445,
    "relativePath": "bundle\\res\\game\\Joystick_Background.png"
  },
  "097d17fe-9f13-4a12-a869-4d96a38eabcd": {
    "asset": 1747970948000,
    "meta": 1761118476449,
    "relativePath": "bundle\\res\\game\\image_jrkl.png"
  },
  "1fc49ac6-1b38-44f1-ac08-3f74a4d22bfa": {
    "asset": 1747970948000,
    "meta": 1761118476457,
    "relativePath": "bundle\\res\\game\\pauseBG.png"
  },
  "722c97b3-fe02-4c80-9d85-0d6eb326f7c8": {
    "asset": 1747970948000,
    "meta": 1761118476458,
    "relativePath": "bundle\\res\\game\\Joystick_Handle.png"
  },
  "b9b69daa-aa86-4ea8-acc0-3c8a3de5cad5": {
    "asset": 1747970948000,
    "meta": 1761118476468,
    "relativePath": "bundle\\res\\game\\scoreBg.png"
  },
  "c64ee184-7713-44a4-909b-e2ed2dbe22cd": {
    "asset": 1747970948000,
    "meta": 1761118476486,
    "relativePath": "bundle\\res\\game\\wei.png"
  },
  "36d744ac-a0c9-4341-b778-a252a77e1b25": {
    "asset": 1747970948000,
    "meta": 1761118476563,
    "relativePath": "bundle\\res\\item\\monster1.png"
  },
  "29b3b528-3491-41d2-9379-658783e71d9c": {
    "asset": 1747970948000,
    "meta": 1761118476574,
    "relativePath": "bundle\\res\\item\\monster2.png"
  },
  "249ed7f0-0ab5-4cc7-8db3-cb03eef101d9": {
    "asset": 1747970948000,
    "meta": 1761118477062,
    "relativePath": "resources\\music\\gameBGM.mp3"
  },
  "1fd521bd-a240-450d-95fc-cc150bc67cdd": {
    "asset": 1747970948000,
    "meta": 1761118477087,
    "relativePath": "bundle\\ani\\NewProject.json"
  },
  "aad87117-4b42-4e82-90a4-b13e7869c2b4": {
    "asset": 1762764666313,
    "meta": 1762918698545,
    "relativePath": "bundle\\res\\login"
  },
  "3f2ab5b0-9ff9-474a-9c92-8a37c8435b3b": {
    "asset": 1761127495318,
    "meta": 1761127495368,
    "relativePath": "bundle\\res\\login\\椭圆 1.png"
  },
  "11732061-1c65-42b5-b290-b3d6020628db": {
    "asset": 1761127495318,
    "meta": 1761127495370,
    "relativePath": "bundle\\res\\login\\立即注册.png"
  },
  "cfc5c7b1-2f13-4401-a098-913300ae4d49": {
    "asset": 1761127495319,
    "meta": 1761127495373,
    "relativePath": "bundle\\res\\login\\忘记密码.png"
  },
  "61e62313-2b61-494f-bb58-d2347bd1f3ec": {
    "asset": 1761127495318,
    "meta": 1761127495374,
    "relativePath": "bundle\\res\\login\\密码.png"
  },
  "bbac2d66-b9da-4c0d-a7e8-e18f0bce8f08": {
    "asset": 1761127495318,
    "meta": 1761127495376,
    "relativePath": "bundle\\res\\login\\图层 51.png"
  },
  "21ed86f9-753b-420a-8100-4a3cd56b27c3": {
    "asset": 1761127495318,
    "meta": 1761127495378,
    "relativePath": "bundle\\res\\login\\进入游戏.png"
  },
  "4131895a-ab0f-4fd8-8379-c006b4575c99": {
    "asset": 1761127495318,
    "meta": 1761127495380,
    "relativePath": "bundle\\res\\common\\×.png"
  },
  "7f11aecd-05da-445d-8365-28dc0661cb3e": {
    "asset": 1761127495318,
    "meta": 1761204264755,
    "relativePath": "bundle\\res\\common\\椭圆 2.png"
  },
  "d5433173-c31e-40b3-ad23-d39394d7dc7f": {
    "asset": 1761643935901,
    "meta": 1761643935905,
    "relativePath": "bundle\\pb\\loginNode.prefab"
  },
  "0f196989-0f4a-4762-aa08-125d4ff2692a": {
    "asset": 1761128378507,
    "meta": 1761128378551,
    "relativePath": "bundle\\res\\login\\获取.png"
  },
  "639a617c-321b-4e96-8fd1-5b82cb072281": {
    "asset": 1761128378508,
    "meta": 1761128378553,
    "relativePath": "bundle\\res\\login\\注册.png"
  },
  "30730b40-5afd-47bc-8aa1-70f624e13b47": {
    "asset": 1761128378508,
    "meta": 1761128378556,
    "relativePath": "bundle\\res\\login\\zhuce.png"
  },
  "b47ef54e-2330-4e24-b82e-e43f7a659a2b": {
    "asset": 1761128378508,
    "meta": 1761128378557,
    "relativePath": "bundle\\res\\login\\明文.png"
  },
  "998695b4-0a2a-41e7-824e-7439f170cc8c": {
    "asset": 1761128393684,
    "meta": 1761128393708,
    "relativePath": "bundle\\res\\login\\密码显示.png"
  },
  "ca85ca0f-49b0-4295-bb20-e6d46d70194b": {
    "asset": 1762765840940,
    "meta": 1762765840944,
    "relativePath": "bundle\\pb\\registerNode.prefab"
  },
  "095997fc-47f7-4ecb-8c16-609641afdd8d": {
    "asset": 1762765219739,
    "meta": 1762765219742,
    "relativePath": "bundle\\pb\\getPwdNode.prefab"
  },
  "6cc46140-ba32-4b4e-b7a3-d13a96ab3335": {
    "asset": 1761180114168,
    "meta": 1762763508744,
    "relativePath": "bundle\\res\\login\\密码找回.png"
  },
  "6e9aa059-0b06-4f14-8e7e-e6b18e72ddb5": {
    "asset": 1761180143811,
    "meta": 1761180143832,
    "relativePath": "bundle\\res\\login\\确定.png"
  },
  "c865b652-5c81-445c-8b54-bd4fa11ee1f2": {
    "asset": 1761180472428,
    "meta": 1761180472467,
    "relativePath": "resources\\res\\bg.png"
  },
  "21fc5398-44d2-413a-8b9e-1d3e79ea9053": {
    "asset": 1761180824372,
    "meta": 1761180824395,
    "relativePath": "resources\\res\\Loading....png"
  },
  "52c9bda6-a610-4d00-a66b-eeff6def257b": {
    "asset": 1761180824372,
    "meta": 1761180824396,
    "relativePath": "resources\\res\\矩形 2.png"
  },
  "795df40f-49ef-489d-b836-160c3ac181e2": {
    "asset": 1761180824372,
    "meta": 1761180824398,
    "relativePath": "resources\\res\\《健康游戏忠告》 抵制不良游戏，拒绝盗版游戏。注意自我保护，谨防受骗上当。 适度游戏益脑，沉迷游戏伤身。合理安排时间，享受健康.png"
  },
  "39d548af-591b-48af-9b14-c24a3e8400de": {
    "asset": 1761180875096,
    "meta": 1761180875114,
    "relativePath": "resources\\res\\btnLogin.png"
  },
  "a65ed513-9bfb-4764-addd-3aac53937ffa": {
    "asset": 1761181137538,
    "meta": 1761181137563,
    "relativePath": "resources\\res\\图层 700.png"
  },
  "3ac5b634-9d93-444a-849c-09e12b522530": {
    "asset": 1761181236657,
    "meta": 1761181236681,
    "relativePath": "resources\\res\\圆角矩形 1 拷贝 10.png"
  },
  "32058f77-b6e7-4d1a-a848-423bdb654ef2": {
    "asset": 1761181236657,
    "meta": 1761181236682,
    "relativePath": "resources\\res\\组 9.png"
  },
  "3d771188-cc68-48a7-92c7-2b37a71a3966": {
    "asset": 1761181328539,
    "meta": 1761181328563,
    "relativePath": "resources\\res\\图层 30.png"
  },
  "97349623-a8e6-4e71-9853-88e2a2025ac8": {
    "asset": 1762763121230,
    "meta": 1762763121233,
    "relativePath": "bundle\\pb\\trunUI.prefab"
  },
  "bc20ed1b-dea8-489f-b852-fc90aa252f93": {
    "asset": 1762477294132,
    "meta": 1762762990278,
    "relativePath": "bundle\\res\\trun"
  },
  "1a3c7051-c809-409a-884b-1c3cd0b062ea": {
    "asset": 1761200633414,
    "meta": 1761200633473,
    "relativePath": "bundle\\res\\trun\\场景二.png"
  },
  "7279b7e6-743c-4b21-9c0a-b83667204cb5": {
    "asset": 1761200633414,
    "meta": 1761200633477,
    "relativePath": "bundle\\res\\trun\\title.png"
  },
  "51906a29-0071-4b91-8cc6-5274b667cffa": {
    "asset": 1761200633414,
    "meta": 1761200633479,
    "relativePath": "bundle\\res\\trun\\2.png"
  },
  "89d41f34-cf4e-49f6-82f0-c7808cedf73b": {
    "asset": 1761200633414,
    "meta": 1761200633480,
    "relativePath": "bundle\\res\\trun\\简单.png"
  },
  "63895e31-5da6-4e75-b1ea-0db7134d2165": {
    "asset": 1761200633414,
    "meta": 1761200633482,
    "relativePath": "bundle\\res\\trun\\困难.png"
  },
  "60f64507-e2b9-49fc-af54-61ba1f2bf473": {
    "asset": 1761200633414,
    "meta": 1761200633484,
    "relativePath": "bundle\\res\\trun\\场景一.png"
  },
  "8a682005-c1f0-40b0-99a9-460b4a76570d": {
    "asset": 1761200633414,
    "meta": 1761200633485,
    "relativePath": "bundle\\res\\common\\gd-hbimg 拷贝 3.png"
  },
  "2f4d715c-1ce2-44f0-ac49-f0bec4892f70": {
    "asset": 1761200633414,
    "meta": 1761200633487,
    "relativePath": "bundle\\res\\trun\\btnSkin.png"
  },
  "0aac2c48-11f5-4661-9782-54506838cdd6": {
    "asset": 1761200633414,
    "meta": 1761200633489,
    "relativePath": "bundle\\res\\trun\\3.png"
  },
  "ad030612-446e-4c48-abed-c0266ccb3a8f": {
    "asset": 1761200633414,
    "meta": 1761200633491,
    "relativePath": "bundle\\res\\trun\\btnRecord.png"
  },
  "0bf0947d-fc7f-466b-bd0c-2da202b7e6a9": {
    "asset": 1761200633414,
    "meta": 1761200633492,
    "relativePath": "bundle\\res\\trun\\图层 45.png"
  },
  "cb2f32c7-dca7-4f56-adae-97db7fd1a2fa": {
    "asset": 1761200633414,
    "meta": 1761200633493,
    "relativePath": "bundle\\res\\common\\图层 15 拷贝.png"
  },
  "0dc74a64-4b0a-4033-a1e9-f92aa6971a14": {
    "asset": 1761200633415,
    "meta": 1761200633504,
    "relativePath": "bundle\\res\\trun\\1.png"
  },
  "5ee333b3-e916-4196-a8e2-d9c070033379": {
    "asset": 1761200633415,
    "meta": 1761200633506,
    "relativePath": "bundle\\res\\trun\\圆角矩形 4 拷贝 2.png"
  },
  "ad3dd213-72ba-4f37-a6cb-fb7b96811075": {
    "asset": 1761200633433,
    "meta": 1761200633507,
    "relativePath": "bundle\\res\\trun\\组 15.png"
  },
  "ccd8013c-76e4-4b83-8247-c720e3d89273": {
    "asset": 1761200633415,
    "meta": 1761200633510,
    "relativePath": "bundle\\res\\trun\\圆角矩形 4.png"
  },
  "0276208f-1ee2-48cb-8cca-8a48744ba08d": {
    "asset": 1761200633434,
    "meta": 1761200633531,
    "relativePath": "bundle\\res\\trun\\图层 743.png"
  },
  "d7ba6931-182c-45c9-bdff-f644f26d6a83": {
    "asset": 1761202217965,
    "meta": 1761202218006,
    "relativePath": "bundle\\res\\game\\btnCXKS.png"
  },
  "767cefa2-095a-4cea-b9e0-92cce14c5f43": {
    "asset": 1761202217965,
    "meta": 1761202218007,
    "relativePath": "bundle\\res\\game\\btnHome1.png"
  },
  "ddf1509e-c45d-4f70-a150-6a46ffc7eb7c": {
    "asset": 1761202334179,
    "meta": 1761202334190,
    "relativePath": "bundle\\res\\game\\本轮贪吃蛇身长：.png"
  },
  "727b8ec8-e540-422e-b703-9eb1864fef99": {
    "asset": 1762763435548,
    "meta": 1762763435553,
    "relativePath": "bundle\\pb\\setNode.prefab"
  },
  "eb1e0ad0-a128-48d8-9f2e-02fa2bb2fce5": {
    "asset": 1761731326290,
    "meta": 1761815838292,
    "relativePath": "bundle\\res\\set"
  },
  "4e8231f9-06a6-42ac-a842-b05e74348a5c": {
    "asset": 1761203357026,
    "meta": 1761203357047,
    "relativePath": "bundle\\res\\set\\修改密码.png"
  },
  "bf96f780-67ea-4a0c-977c-37b868583113": {
    "asset": 1761203357026,
    "meta": 1761203357049,
    "relativePath": "bundle\\res\\set\\on.png"
  },
  "67de948f-04b7-4cd6-b764-84dfce2ae87d": {
    "asset": 1761203357026,
    "meta": 1761203357051,
    "relativePath": "bundle\\res\\set\\音乐.png"
  },
  "d869ea36-66fd-4172-978c-59393e1212fe": {
    "asset": 1761203357027,
    "meta": 1761203357052,
    "relativePath": "bundle\\res\\set\\off.png"
  },
  "1077bca5-3d1b-47c4-a12b-db899277cbae": {
    "asset": 1761203357026,
    "meta": 1761203357054,
    "relativePath": "bundle\\res\\set\\退出登录.png"
  },
  "58524785-b81c-4a26-9b51-bc2e60c26bc4": {
    "asset": 1761210464134,
    "meta": 1761266273849,
    "relativePath": "bundle\\res\\common"
  },
  "e9de597b-99fd-4c35-8615-2a14945c9a57": {
    "asset": 1761203779163,
    "meta": 1761203779176,
    "relativePath": "bundle\\res\\common\\矩形 3.png"
  },
  "54129f09-d630-431f-8962-914f1a49ef8d": {
    "asset": 1762768246761,
    "meta": 1762768246766,
    "relativePath": "bundle\\pb\\commonTipNode.prefab"
  },
  "683f532e-cb20-4866-a4c3-a2951008da5a": {
    "asset": 1761204014404,
    "meta": 1761204018099,
    "relativePath": "bundle\\res\\common\\是.png"
  },
  "e1c67a37-5b49-4ad8-9b63-aed772ca2543": {
    "asset": 1761204323320,
    "meta": 1761204323354,
    "relativePath": "bundle\\res\\recharge\\组 41.png"
  },
  "1e60216e-cc55-4427-abe3-dfaa4dbf9ff2": {
    "asset": 1762477154258,
    "meta": 1762762990276,
    "relativePath": "bundle\\res\\recharge"
  },
  "1ef7c59e-aa41-4139-85e3-9c982e059d73": {
    "asset": 1761204556675,
    "meta": 1761204556687,
    "relativePath": "bundle\\res\\recharge\\圆角矩形 1 拷贝 14.png"
  },
  "72fdb0ac-304d-435b-8720-c290b5258e2a": {
    "asset": 1761204556674,
    "meta": 1761204556701,
    "relativePath": "bundle\\res\\recharge\\圆角矩形 1 拷贝 11.png"
  },
  "2b31ad99-4052-4710-a040-aadc42389892": {
    "asset": 1761204556675,
    "meta": 1761204556704,
    "relativePath": "bundle\\res\\recharge\\立即充值.png"
  },
  "dd6efcc7-31c3-4b15-bc52-253cf53b348d": {
    "asset": 1761204556675,
    "meta": 1761204641695,
    "relativePath": "bundle\\res\\recharge\\gd-hbimg2.png"
  },
  "5459bdb6-21fb-4d8a-a264-60f8ef0ae319": {
    "asset": 1761204556675,
    "meta": 1761204648175,
    "relativePath": "bundle\\res\\recharge\\gd-hbimg3.png"
  },
  "43ab11a6-431b-4765-a5a1-0eb0954dbc57": {
    "asset": 1761204556675,
    "meta": 1761204634784,
    "relativePath": "bundle\\res\\recharge\\gd-hbimg1.png"
  },
  "2135a155-dfb5-4500-98f7-4763df16b16c": {
    "asset": 1761207149677,
    "meta": 1761207149700,
    "relativePath": "bundle\\res\\recharge\\圆角矩形 1 拷贝 15.png"
  },
  "811faf4a-6278-4403-8990-a7c32484570d": {
    "asset": 1761208045521,
    "meta": 1761266273856,
    "relativePath": "bundle\\res\\wndSkin"
  },
  "099683d9-c3c7-4828-baa5-4dc7b14526df": {
    "asset": 1761208045511,
    "meta": 1761208045539,
    "relativePath": "bundle\\res\\wndSkin\\已拥有 拷贝.png"
  },
  "be90c02a-8f6a-45b9-9047-f143e5d3d328": {
    "asset": 1761208045511,
    "meta": 1761208045542,
    "relativePath": "bundle\\res\\wndSkin\\skin4.png"
  },
  "cb6f3ca9-cb68-454b-b51c-04971446fd21": {
    "asset": 1761208045512,
    "meta": 1761208045544,
    "relativePath": "bundle\\res\\wndSkin\\skin1.png"
  },
  "19a4de59-a59e-447a-9751-01a8617ed231": {
    "asset": 1761208045511,
    "meta": 1761208045546,
    "relativePath": "bundle\\res\\wndSkin\\购买.png"
  },
  "68da7ead-6bcf-4091-8c3e-71d4906ca943": {
    "asset": 1761208045512,
    "meta": 1761208045548,
    "relativePath": "bundle\\res\\wndSkin\\使用.png"
  },
  "f1e29ad5-f7ea-4cf2-bbab-0a52e084be56": {
    "asset": 1761208045512,
    "meta": 1761208045550,
    "relativePath": "bundle\\res\\wndSkin\\skin3.png"
  },
  "abd614a6-9644-4717-b7c1-52bdd6f83182": {
    "asset": 1761208045512,
    "meta": 1761208045551,
    "relativePath": "bundle\\res\\wndSkin\\skin2.png"
  },
  "0fc0303f-5e66-48f2-a8ad-27a643d6ec47": {
    "asset": 1761208045513,
    "meta": 1761208045554,
    "relativePath": "bundle\\res\\wndSkin\\皮肤.png"
  },
  "0b3bb911-de43-4eeb-93fa-0f09e817e67f": {
    "asset": 1761208045513,
    "meta": 1761208045555,
    "relativePath": "bundle\\res\\wndSkin\\矩形 4.png"
  },
  "8eba3fd6-a208-4c9a-b491-ec32e4be9804": {
    "asset": 1761208045512,
    "meta": 1761208045557,
    "relativePath": "bundle\\res\\wndSkin\\形状 2 拷贝.png"
  },
  "75e59a94-6b6c-47dd-b8d7-b8bdfcfa106d": {
    "asset": 1762389848121,
    "meta": 1762389848126,
    "relativePath": "bundle\\pb\\skinNode.prefab"
  },
  "df3fea20-5dfb-405b-9c94-1edef4cbd673": {
    "asset": 1762478026395,
    "meta": 1762478026404,
    "relativePath": "bundle\\pb\\rechargeNode.prefab"
  },
  "fb9ad71c-a801-457b-8f2d-c03773c6b35d": {
    "asset": 1761210190528,
    "meta": 1761210190553,
    "relativePath": "bundle\\res\\common\\图层 15 拷贝 7.png"
  },
  "0c77d8a1-7e9b-4f0e-8d40-fe528cfb5659": {
    "asset": 1761210464099,
    "meta": 1761210464145,
    "relativePath": "bundle\\res\\common\\line.png"
  },
  "05b792a9-df7c-4f08-939e-6e8859f36a4f": {
    "asset": 1761210464099,
    "meta": 1761210464163,
    "relativePath": "bundle\\res\\common\\bgrecord.png"
  },
  "56469024-0695-4df7-bbf5-26fb468b19dd": {
    "asset": 1761639817423,
    "meta": 1761639817428,
    "relativePath": "bundle\\pb\\recordNode.prefab"
  },
  "61a46917-7cfa-41de-9c14-0a2b7e5ea27f": {
    "asset": 1761617306373,
    "meta": 1761617306491,
    "relativePath": "scripts\\LGQ\\md5.ts"
  },
  "f4d7c766-cf37-4fe6-9952-6018360c27aa": {
    "asset": 1761639791421,
    "meta": 1761639794003,
    "relativePath": "scripts\\recordNode.ts"
  },
  "3fa05c2a-6f62-41d1-9b12-73ca0d8156fc": {
    "asset": 1761641064421,
    "meta": 1761641111797,
    "relativePath": "scripts\\LGQ\\EventManager.ts"
  },
  "75b2dd9d-e951-4982-9394-78a5dca4292d": {
    "asset": 1761642020091,
    "meta": 1761642025393,
    "relativePath": "scripts\\skinNode.ts"
  },
  "5cec4c68-17c4-4992-80f1-622a31c81420": {
    "asset": 1762487450319,
    "meta": 1762487450323,
    "relativePath": "bundle\\pb\\protrolNode.prefab"
  },
  "a7e10c51-69a5-422e-ab37-01d600dae81d": {
    "asset": 1761705841791,
    "meta": 1761719670801,
    "relativePath": "bundle\\res\\game\\item1.png"
  },
  "75172dd5-ee57-48de-90f3-eefa70ad3357": {
    "asset": 1761705841791,
    "meta": 1761719672789,
    "relativePath": "bundle\\res\\game\\head1.png"
  },
  "7412f36e-803e-4377-8e36-d18ba5bceb32": {
    "asset": 1761709439554,
    "meta": 1761709439601,
    "relativePath": "bundle\\res\\bg\\bg1.png"
  },
  "fdca6ab3-48f1-4356-a109-2851fee17497": {
    "asset": 1761709762248,
    "meta": 1761709762271,
    "relativePath": "bundle\\res\\bg\\图层 569.png"
  },
  "b539ac5e-59d9-4d2e-bb43-52cbd3cca430": {
    "asset": 1761710199606,
    "meta": 1761710199676,
    "relativePath": "bundle\\res\\bg\\bg2.png"
  },
  "fa6d4243-7c3f-4078-97d7-8921afe894ee": {
    "asset": 1761710218486,
    "meta": 1761710218546,
    "relativePath": "bundle\\res\\bg\\bg3.png"
  },
  "1e646f3b-c647-4fa9-ba0b-5ea663f3c90c": {
    "asset": 1761718114877,
    "meta": 1761718116248,
    "relativePath": "scripts\\LGQ\\Lv_DialogView.ts"
  },
  "0db23900-a450-4f62-82c4-160c97ff159a": {
    "asset": 1761720003229,
    "meta": 1761720003278,
    "relativePath": "bundle\\res\\game\\head2.png"
  },
  "434aad36-0018-418f-9158-dbc35ba22595": {
    "asset": 1761720003229,
    "meta": 1761720003279,
    "relativePath": "bundle\\res\\game\\head4.png"
  },
  "f1e64288-58be-4974-9665-231648ccf6e5": {
    "asset": 1761720003229,
    "meta": 1761720003281,
    "relativePath": "bundle\\res\\game\\head6.png"
  },
  "e3fc9157-67ca-479b-9000-e222294bf028": {
    "asset": 1761720003229,
    "meta": 1761720003283,
    "relativePath": "bundle\\res\\game\\item6.png"
  },
  "c0ecbe04-8ba9-42db-bac2-23a290b107c2": {
    "asset": 1761720003229,
    "meta": 1761720003285,
    "relativePath": "bundle\\res\\game\\item2.png"
  },
  "c617e227-0124-4a8e-819a-4f7a5d79c89d": {
    "asset": 1761720003229,
    "meta": 1761720003287,
    "relativePath": "bundle\\res\\game\\item4.png"
  },
  "2d727ba0-439b-4dff-918a-d3adef7c6d96": {
    "asset": 1761720003229,
    "meta": 1761720003289,
    "relativePath": "bundle\\res\\game\\head5.png"
  },
  "45905171-f7f7-43aa-8cf1-f780ced86e76": {
    "asset": 1761720003229,
    "meta": 1761720003296,
    "relativePath": "bundle\\res\\game\\item5.png"
  },
  "40dbd336-e8c1-41d0-b472-66289ea6b5a2": {
    "asset": 1761720003229,
    "meta": 1761720003297,
    "relativePath": "bundle\\res\\game\\item3.png"
  },
  "b7a30675-57c5-4f56-9199-4861ec868448": {
    "asset": 1761720003229,
    "meta": 1761720003299,
    "relativePath": "bundle\\res\\game\\head3.png"
  },
  "d2dbfb40-fadb-45f9-875b-66cdb35a3e3a": {
    "asset": 1761722624574,
    "meta": 1761722624605,
    "relativePath": "bundle\\res\\item\\food1.png"
  },
  "fec8cd84-7edd-4e6b-8211-d52c686ec834": {
    "asset": 1761723426464,
    "meta": 1761723426467,
    "relativePath": "bundle\\pb\\item\\monster.prefab"
  },
  "6b078d25-ce86-48d0-96ab-764b79f5a52b": {
    "asset": 1761723078575,
    "meta": 1761723078584,
    "relativePath": "bundle\\res\\item\\monster.png"
  },
  "1a41eb0c-6cff-448f-b441-e6ff387461d2": {
    "asset": 1761723666737,
    "meta": 1761723669299,
    "relativePath": "scripts\\monster.ts"
  },
  "bef04286-be2e-4008-bfd7-a3132cfc22ef": {
    "asset": 1761728200707,
    "meta": 1761728236016,
    "relativePath": "scripts\\LGQ\\Utils.ts"
  },
  "7ef88335-a459-4bd3-8683-a55d1c5e8016": {
    "asset": 1761730891247,
    "meta": 1761730894361,
    "relativePath": "scripts\\skinItem.ts"
  },
  "6a92f3e0-fb25-45a8-b118-2e29bbdc6f22": {
    "asset": 1761731326289,
    "meta": 1761731326299,
    "relativePath": "bundle\\res\\set\\退出.png"
  },
  "122239a7-f27f-43ca-b0cb-1b415878ed3d": {
    "asset": 1762304904360,
    "meta": 1762304904376,
    "relativePath": "bundle\\res\\game\\propJS0.png"
  },
  "1f65b5cc-71a0-4788-86da-9cc9a1fb86b3": {
    "asset": 1762304904360,
    "meta": 1762304904378,
    "relativePath": "bundle\\res\\game\\propMS1.png"
  },
  "cf7d44d1-188c-4cbc-b0e1-f43cd5a42e4e": {
    "asset": 1762304904360,
    "meta": 1762304904386,
    "relativePath": "bundle\\res\\game\\propMS0.png"
  },
  "ed7e5f35-4d72-4e74-9175-64c716bc4b15": {
    "asset": 1762304904360,
    "meta": 1762304904388,
    "relativePath": "bundle\\res\\game\\propJS1.png"
  },
  "762e1c36-2e65-4dfa-b4bb-8d0bf41a2263": {
    "asset": 1762326338209,
    "meta": 1762326341510,
    "relativePath": "scripts\\LGQ\\UserInfo.ts"
  },
  "9a70da19-7b0d-4aad-af22-4f157f7ff2d0": {
    "asset": 1762327340663,
    "meta": 1762327340669,
    "relativePath": "bundle\\pb\\body - 001.prefab"
  },
  "c4116f00-e92a-4bd9-82c4-c1f7eaaa8046": {
    "asset": 1762328157440,
    "meta": 1762328157445,
    "relativePath": "bundle\\pb\\body.prefab"
  },
  "59ac2373-fcea-4218-bb0a-1ee29a76999e": {
    "asset": 1762496193569,
    "meta": 1762496193575,
    "relativePath": "scenes\\game.fire"
  },
  "a1ce6f1a-9d73-4da8-b642-394be878845a": {
    "asset": 1762331453345,
    "meta": 1762331465964,
    "relativePath": "scripts\\CameraFollow.ts"
  },
  "6c436ddf-c652-4674-9ae8-cd762bf15428": {
    "asset": 1762332255299,
    "meta": 1762332364814,
    "relativePath": "scripts\\com\\MsgCfg.ts"
  },
  "ef62d397-606d-452d-bd57-7f8a9f80f113": {
    "asset": 1762476274092,
    "meta": 1762476274102,
    "relativePath": "bundle\\res\\game\\矩形 1 拷贝.png"
  },
  "b6cff9a8-1537-4a42-896a-7fd5150258a0": {
    "asset": 1762477154255,
    "meta": 1762477154281,
    "relativePath": "bundle\\res\\recharge\\coin1.png"
  },
  "5673dd48-0da6-437c-a9d8-4af3dcae8fe2": {
    "asset": 1762477154255,
    "meta": 1762477154283,
    "relativePath": "bundle\\res\\recharge\\coin3.png"
  },
  "8b6a482b-8494-493b-ac62-d1065eaf3857": {
    "asset": 1762477154255,
    "meta": 1762477154284,
    "relativePath": "bundle\\res\\recharge\\coin2.png"
  },
  "6e94e090-6feb-4dff-b346-4b47a3992072": {
    "asset": 1762477154255,
    "meta": 1762477154285,
    "relativePath": "bundle\\res\\recharge\\coinBg.png"
  },
  "a412b036-5d9f-420e-9ae4-4432e8415292": {
    "asset": 1762477294135,
    "meta": 1762477294158,
    "relativePath": "bundle\\res\\trun\\中等 拷贝.png"
  },
  "266c0eeb-5d34-4eb1-8656-1f28adef1d0d": {
    "asset": 1762487648666,
    "meta": 1762487658451,
    "relativePath": "scripts\\protrolNode.ts"
  },
  "531bc333-db76-4629-bd23-43d2aad3136b": {
    "asset": 1762488473528,
    "meta": 1762488473908,
    "relativePath": "resources\\music\\click.mp3"
  },
  "1eeee0f5-c186-477f-9003-08282f7ee38b": {
    "asset": 1762488473528,
    "meta": 1762488473910,
    "relativePath": "resources\\music\\sound_lose.mp3"
  },
  "956fb052-797d-432a-af21-1e21e5605388": {
    "asset": 1762488473528,
    "meta": 1762488473911,
    "relativePath": "resources\\music\\bonus.mp3"
  },
  "eb74d5bf-579c-4927-bf42-e50d64a998f0": {
    "asset": 1762488473528,
    "meta": 1762488473913,
    "relativePath": "resources\\music\\sound_win.mp3"
  },
  "e4204c72-ac74-4952-9561-122f44831e80": {
    "asset": 1762488552274,
    "meta": 1762488628770,
    "relativePath": "scripts\\LGQ\\GButton.ts"
  },
  "e466a7a5-69c4-4911-b81a-d5af174bbff1": {
    "asset": 1762488505459,
    "meta": 1762488628783,
    "relativePath": "scripts\\Start.ts"
  },
  "e1b90feb-a217-4493-849d-9a611900d683": {
    "asset": 1762488642894,
    "meta": 1762488681308,
    "relativePath": "scripts\\head.ts"
  },
  "4bc8436b-3239-461c-9684-ceac38d288b8": {
    "asset": 1762763519614,
    "meta": 1762763519626,
    "relativePath": "bundle\\res\\login\\密码修改.png"
  },
  "eb5d4dd0-936c-40eb-b98c-09dc2b5f3fcd": {
    "asset": 1762763684414,
    "meta": 1762763824981,
    "relativePath": "scripts\\loginNode.ts"
  },
  "02174701-75be-4adf-934a-cd6623240594": {
    "asset": 1762764127916,
    "meta": 1762764130839,
    "relativePath": "scripts\\setNode.ts"
  },
  "870cf84a-43f8-4fa8-b532-ffe61a189acb": {
    "asset": 1762764666312,
    "meta": 1762764666326,
    "relativePath": "bundle\\res\\login\\kuang.png"
  },
  "f445f768-ce2c-460e-a67d-a9bc8ae40984": {
    "asset": 1762765556378,
    "meta": 1762765559853,
    "relativePath": "scripts\\getPwdNode.ts"
  },
  "68dfe2ab-365c-4d47-af5a-4c94d2c548c3": {
    "asset": 1762766081257,
    "meta": 1762766225386,
    "relativePath": "scripts\\registerNode.ts"
  },
  "3d59c6d8-4d2e-413b-af04-f80920c32054": {
    "asset": 1762768095531,
    "meta": 1762768120978,
    "relativePath": "scripts\\commonTipNode.ts"
  },
  "420990f2-3f05-47ed-a7e0-5f01e83e628a": {
    "asset": 1762768118294,
    "meta": 1762768120993,
    "relativePath": "scripts\\GameOver.ts"
  },
  "9be16d0f-d873-4ea0-9482-cda764e6bb83": {
    "asset": 1764556520472,
    "meta": 1764557277470,
    "relativePath": "scripts\\Game.ts"
  },
  "479a465f-43a9-445a-8181-cd25c561e356": {
    "asset": 1764555941026,
    "meta": 1764557277496,
    "relativePath": "scripts\\LGQ\\httpUtil.ts"
  },
  "246c677b-972e-41c7-94a2-dbd863008802": {
    "asset": 1764557010546,
    "meta": 1764557277564,
    "relativePath": "scripts\\LGQ\\xhrSupport.ts"
  },
  "f1d5c900-3036-4393-86a4-32afb9983e47": {
    "asset": 1764557928575,
    "meta": 1764559698710,
    "relativePath": "scripts\\trunUI.ts"
  },
  "9836134e-b892-4283-b6b2-78b5acf3ed45": {
    "asset": 1732277590135,
    "meta": 1764647854856,
    "relativePath": "effects"
  },
  "abc2cb62-7852-4525-a90d-d474487b88f2": {
    "asset": 1732277590131,
    "meta": 1764647854960,
    "relativePath": "effects\\builtin-phong.effect"
  },
  "e2f00085-c597-422d-9759-52c360279106": {
    "asset": 1732277590133,
    "meta": 1764647855008,
    "relativePath": "effects\\builtin-toon.effect"
  },
  "430eccbf-bf2c-4e6e-8c0c-884bbb487f32": {
    "asset": 1732277590134,
    "meta": 1764647855020,
    "relativePath": "effects\\__builtin-editor-gizmo-line.effect"
  },
  "6c5cf6e1-b044-4eac-9431-835644d57381": {
    "asset": 1732277590134,
    "meta": 1764647855028,
    "relativePath": "effects\\__builtin-editor-gizmo-unlit.effect"
  },
  "115286d1-2e10-49ee-aab4-341583f607e8": {
    "asset": 1732277590135,
    "meta": 1764647855049,
    "relativePath": "effects\\__builtin-editor-gizmo.effect"
  },
  "f8e6b000-5643-4b86-9080-aa680ce1f599": {
    "asset": 1732277590151,
    "meta": 1764647854857,
    "relativePath": "image"
  },
  "edd215b9-2796-4a05-aaf5-81f96c9281ce": {
    "asset": 1732277590140,
    "meta": 1764647855071,
    "relativePath": "image\\default_editbox_bg.png"
  },
  "e851e89b-faa2-4484-bea6-5c01dd9f06e2": {
    "asset": 1732277590138,
    "meta": 1764647855078,
    "relativePath": "image\\default_btn_normal.png"
  },
  "b43ff3c2-02bb-4874-81f7-f2dea6970f18": {
    "asset": 1732277590138,
    "meta": 1764647855076,
    "relativePath": "image\\default_btn_pressed.png"
  },
  "d81ec8ad-247c-4e62-aa3c-d35c4193c7af": {
    "asset": 1732277590141,
    "meta": 1764647855091,
    "relativePath": "image\\default_panel.png"
  },
  "5c3eedba-6c41-4c0c-9ba7-d91f813cbd1c": {
    "asset": 1732277590153,
    "meta": 1764647854858,
    "relativePath": "materials"
  },
  "99170b0b-d210-46f1-b213-7d9e3f23098a": {
    "asset": 1732277590142,
    "meta": 1764647855081,
    "relativePath": "image\\default_progressbar_bg.png"
  },
  "fc09f9bd-2cce-4605-b630-8145ef809ed6": {
    "asset": 1732277590155,
    "meta": 1764647854859,
    "relativePath": "misc"
  },
  "567dcd80-8bf4-4535-8a5a-313f1caf078a": {
    "asset": 1732277590143,
    "meta": 1764647855084,
    "relativePath": "image\\default_radio_button_off.png"
  },
  "c4480a0a-6ac5-443f-8b40-361a14257fc8": {
    "asset": 1732277590152,
    "meta": 1764647855369,
    "relativePath": "materials\\builtin-phong.mtl"
  },
  "db019bf7-f71c-4111-98cf-918ea180cb48": {
    "asset": 1732277590165,
    "meta": 1764647854860,
    "relativePath": "model"
  },
  "600301aa-3357-4a10-b086-84f011fa32ba": {
    "asset": 1732277590137,
    "meta": 1764647855088,
    "relativePath": "image\\default-particle.png"
  },
  "e39e96e6-6f6e-413f-bcf1-ac7679bb648a": {
    "asset": 1732277590164,
    "meta": 1764647855090,
    "relativePath": "model\\prefab"
  },
  "cfef78f1-c8df-49b7-8ed0-4c953ace2621": {
    "asset": 1732277590141,
    "meta": 1764647855080,
    "relativePath": "image\\default_progressbar.png"
  },
  "0291c134-b3da-4098-b7b5-e397edbe947f": {
    "asset": 1732277590144,
    "meta": 1764647855083,
    "relativePath": "image\\default_scrollbar.png"
  },
  "a87cc147-01b2-43f8-8e42-a7ca90b0c757": {
    "asset": 1732277590157,
    "meta": 1764647855205,
    "relativePath": "model\\prefab\\box.prefab"
  },
  "fe1417b6-fe6b-46a4-ae7c-9fd331f33a2a": {
    "asset": 1732277590158,
    "meta": 1764647855202,
    "relativePath": "model\\prefab\\capsule.prefab"
  },
  "4bab67cb-18e6-4099-b840-355f0473f890": {
    "asset": 1732277590145,
    "meta": 1764647855089,
    "relativePath": "image\\default_scrollbar_bg.png"
  },
  "71561142-4c83-4933-afca-cb7a17f67053": {
    "asset": 1732277590137,
    "meta": 1764647855074,
    "relativePath": "image\\default_btn_disabled.png"
  },
  "9d60001f-b5f4-4726-a629-2659e3ded0b8": {
    "asset": 1732277590144,
    "meta": 1764647855086,
    "relativePath": "image\\default_radio_button_on.png"
  },
  "f6e6dd15-71d1-4ffe-ace7-24fd39942c05": {
    "asset": 1732277590168,
    "meta": 1764647854860,
    "relativePath": "obsolete"
  },
  "d6d3ca85-4681-47c1-b5dd-d036a9d39ea2": {
    "asset": 1732277590146,
    "meta": 1764647855143,
    "relativePath": "image\\default_scrollbar_vertical.png"
  },
  "617323dd-11f4-4dd3-8eec-0caf6b3b45b9": {
    "asset": 1732277590146,
    "meta": 1764647855141,
    "relativePath": "image\\default_scrollbar_vertical_bg.png"
  },
  "6e056173-d285-473c-b206-40a7fff5386e": {
    "asset": 1732277590147,
    "meta": 1764647855139,
    "relativePath": "image\\default_sprite.png"
  },
  "0275e94c-56a7-410f-bd1a-fc7483f7d14a": {
    "asset": 1732277590148,
    "meta": 1764647855135,
    "relativePath": "image\\default_sprite_splash.png"
  },
  "f743d2b6-b7ea-4c14-a55b-547ed4d0a045": {
    "asset": 1732277590170,
    "meta": 1764647854861,
    "relativePath": "particle"
  },
  "73a0903d-d80e-4e3c-aa67-f999543c08f5": {
    "asset": 1732277590149,
    "meta": 1764647855147,
    "relativePath": "image\\default_toggle_checkmark.png"
  },
  "ae6c6c98-11e4-452f-8758-75f5c6a56e83": {
    "asset": 1732277590193,
    "meta": 1764647854862,
    "relativePath": "prefab"
  },
  "b5fc2cf2-7942-483d-be1f-bbeadc4714ad": {
    "asset": 1732277590159,
    "meta": 1764647855217,
    "relativePath": "model\\prefab\\cone.prefab"
  },
  "2be36297-9abb-4fee-8049-9ed5e271da8a": {
    "asset": 1732277590155,
    "meta": 1764647855152,
    "relativePath": "misc\\default_video.mp4"
  },
  "d29077ba-1627-4a72-9579-7b56a235340c": {
    "asset": 1732277590150,
    "meta": 1764647855149,
    "relativePath": "image\\default_toggle_normal.png"
  },
  "1c5e4038-953a-44c2-b620-0bbfc6170477": {
    "asset": 1732277590160,
    "meta": 1764647855211,
    "relativePath": "model\\prefab\\cylinder.prefab"
  },
  "3f376125-a699-40ca-ad05-04d662eaa1f2": {
    "asset": 1732277590161,
    "meta": 1764647855225,
    "relativePath": "model\\prefab\\plane.prefab"
  },
  "c25b9d50-c8fc-4d27-beeb-6e7c1f2e5c0f": {
    "asset": 1732277590149,
    "meta": 1764647855146,
    "relativePath": "image\\default_toggle_disabled.png"
  },
  "6c9ef10d-b479-420b-bfe6-39cdda6a8ae0": {
    "asset": 1732277590162,
    "meta": 1764647855302,
    "relativePath": "model\\prefab\\quad.prefab"
  },
  "2d9a4b85-b0ab-4c46-84c5-18f393ab2058": {
    "asset": 1732277590163,
    "meta": 1764647855315,
    "relativePath": "model\\prefab\\sphere.prefab"
  },
  "b181c1e4-0a72-4a91-bfb0-ae6f36ca60bd": {
    "asset": 1732277590151,
    "meta": 1764647855150,
    "relativePath": "image\\default_toggle_pressed.png"
  },
  "de510076-056b-484f-b94c-83bef217d0e1": {
    "asset": 1732277590163,
    "meta": 1764647855319,
    "relativePath": "model\\prefab\\torus.prefab"
  },
  "897ef7a1-4860-4f64-968d-f5924b18668a": {
    "asset": 1732277590171,
    "meta": 1764647855155,
    "relativePath": "prefab\\2d-camera.prefab"
  },
  "a3ee0214-b432-4865-9666-4a3211814282": {
    "asset": 1732277590182,
    "meta": 1764647855156,
    "relativePath": "prefab\\light"
  },
  "70d7cdb0-04cd-41bb-9480-c06a4785f386": {
    "asset": 1732277590172,
    "meta": 1764647855158,
    "relativePath": "prefab\\3d-camera.prefab"
  },
  "70bbeb73-6dc2-4ee4-8faf-76b3a0e34ec4": {
    "asset": 1732277590172,
    "meta": 1764647855159,
    "relativePath": "prefab\\3d-particle.prefab"
  },
  "ed88f13d-fcad-4848-aa35-65a2cb973584": {
    "asset": 1732277590173,
    "meta": 1764647855161,
    "relativePath": "prefab\\3d-stage.prefab"
  },
  "972b9a4d-47ee-4c74-b5c3-61d8a69bc29f": {
    "asset": 1732277590174,
    "meta": 1764647855163,
    "relativePath": "prefab\\button.prefab"
  },
  "61aeb05b-3b32-452b-8eed-2b76deeed554": {
    "asset": 1732277590176,
    "meta": 1764647855166,
    "relativePath": "prefab\\editbox.prefab"
  },
  "2c937608-2562-40ea-b264-7395df6f0cea": {
    "asset": 1732277590175,
    "meta": 1764647855165,
    "relativePath": "prefab\\canvas.prefab"
  },
  "27756ebb-3d33-44b0-9b96-e858fadd4dd4": {
    "asset": 1732277590177,
    "meta": 1764647855168,
    "relativePath": "prefab\\label.prefab"
  },
  "785a442c-3ceb-45be-a46e-7317f625f3b9": {
    "asset": 1732277590177,
    "meta": 1764647855172,
    "relativePath": "prefab\\layout.prefab"
  },
  "ca8401fe-ad6e-41a8-bd46-8e3e4e9945be": {
    "asset": 1732277590182,
    "meta": 1764647855179,
    "relativePath": "prefab\\pageview.prefab"
  },
  "cd33edea-55f5-46c2-958d-357a01384a36": {
    "asset": 1732277590183,
    "meta": 1764647855177,
    "relativePath": "prefab\\particlesystem.prefab"
  },
  "5965ffac-69da-4b55-bcde-9225d0613c28": {
    "asset": 1732277590184,
    "meta": 1764647855180,
    "relativePath": "prefab\\progressBar.prefab"
  },
  "4a37dd57-78cd-4cec-aad4-f11a73d12b63": {
    "asset": 1732277590185,
    "meta": 1764647855183,
    "relativePath": "prefab\\richtext.prefab"
  },
  "0004d1cf-a0ad-47d8-ab17-34d3db9d35a3": {
    "asset": 1732277590186,
    "meta": 1764647855190,
    "relativePath": "prefab\\slider.prefab"
  },
  "32044bd2-481f-4cf1-a656-e2b2fb1594eb": {
    "asset": 1732277590185,
    "meta": 1764647855188,
    "relativePath": "prefab\\scrollview.prefab"
  },
  "96083d03-c332-4a3f-9386-d03e2d19e8ee": {
    "asset": 1732277590187,
    "meta": 1764647855182,
    "relativePath": "prefab\\sprite.prefab"
  },
  "1f55e3be-b89b-4b79-88de-47fd31018044": {
    "asset": 1732277590187,
    "meta": 1764647855186,
    "relativePath": "prefab\\sprite_splash.prefab"
  },
  "7de03a80-4457-438d-95a7-3e7cdffd6086": {
    "asset": 1732277590188,
    "meta": 1764647855191,
    "relativePath": "prefab\\tiledmap.prefab"
  },
  "d8afc78c-4eac-4a9f-83dd-67bc70344d33": {
    "asset": 1732277590202,
    "meta": 1764647854863,
    "relativePath": "resources"
  },
  "8a96b965-2dc0-4e03-aa90-3b79cb93b5b4": {
    "asset": 1732277590168,
    "meta": 1764647855170,
    "relativePath": "obsolete\\atom.png"
  },
  "294c1663-4adf-4a1e-a795-53808011a38a": {
    "asset": 1732277590201,
    "meta": 1764647855184,
    "relativePath": "resources\\effects"
  },
  "0e42ba95-1fa1-46aa-b2cf-143cd1bcee2c": {
    "asset": 1732277590189,
    "meta": 1764647855193,
    "relativePath": "prefab\\tiledtile.prefab"
  },
  "bbee2217-c261-49bd-a8ce-708d6bcc3500": {
    "asset": 1732277590209,
    "meta": 1764647855186,
    "relativePath": "resources\\materials"
  },
  "0d784963-d024-4ea6-a7db-03be0ad63010": {
    "asset": 1732277590190,
    "meta": 1764647855195,
    "relativePath": "prefab\\toggle.prefab"
  },
  "30682f87-9f0d-4f17-8a44-72863791461b": {
    "asset": 1732277590195,
    "meta": 1764647855210,
    "relativePath": "resources\\effects\\builtin-2d-graphics.effect"
  },
  "d0a82d39-bede-46c4-b698-c81ff0dedfff": {
    "asset": 1732277590170,
    "meta": 1764647855175,
    "relativePath": "particle\\atom.png"
  },
  "144c3297-af63-49e8-b8ef-1cfa29b3be28": {
    "asset": 1732277590196,
    "meta": 1764647855216,
    "relativePath": "resources\\effects\\builtin-2d-gray-sprite.effect"
  },
  "f18742d7-56d2-4eb5-ae49-2d9d710b37c8": {
    "asset": 1732277590196,
    "meta": 1764647855224,
    "relativePath": "resources\\effects\\builtin-2d-label.effect"
  },
  "0e93aeaa-0b53-4e40-b8e0-6268b4e07bd7": {
    "asset": 1732277590197,
    "meta": 1764647855232,
    "relativePath": "resources\\effects\\builtin-2d-spine.effect"
  },
  "bf0a434c-84dd-4a8e-a08a-7a36f180cc75": {
    "asset": 1732277590190,
    "meta": 1764647855199,
    "relativePath": "prefab\\toggleContainer.prefab"
  },
  "2874f8dd-416c-4440-81b7-555975426e93": {
    "asset": 1732277590198,
    "meta": 1764647855238,
    "relativePath": "resources\\effects\\builtin-2d-sprite.effect"
  },
  "d1b8be49-b0a0-435c-83b7-552bed4bbe35": {
    "asset": 1732277590191,
    "meta": 1764647855197,
    "relativePath": "prefab\\toggleGroup.prefab"
  },
  "829a282c-b049-4019-bd38-5ace8d8a6417": {
    "asset": 1732277590198,
    "meta": 1764647855283,
    "relativePath": "resources\\effects\\builtin-3d-particle.effect"
  },
  "232d2782-c4bd-4bb4-9e01-909f03d6d3b9": {
    "asset": 1732277590192,
    "meta": 1764647855200,
    "relativePath": "prefab\\videoplayer.prefab"
  },
  "2a7c0036-e0b3-4fe1-8998-89a54b8a2bec": {
    "asset": 1732277590200,
    "meta": 1764647855294,
    "relativePath": "resources\\effects\\builtin-3d-trail.effect"
  },
  "c0040c95-c57f-49cd-9cbc-12316b73d0d4": {
    "asset": 1732277590200,
    "meta": 1764647855300,
    "relativePath": "resources\\effects\\builtin-clear-stencil.effect"
  },
  "6d91e591-4ce0-465c-809f-610ec95019c6": {
    "asset": 1732277590201,
    "meta": 1764647855311,
    "relativePath": "resources\\effects\\builtin-unlit.effect"
  },
  "8c5001fd-07ee-4a4b-a8a0-63e15195e94d": {
    "asset": 1732277590193,
    "meta": 1764647855204,
    "relativePath": "prefab\\webview.prefab"
  },
  "61906da3-7003-4bda-9abc-5769c76faee4": {
    "asset": 1732277590179,
    "meta": 1764647855320,
    "relativePath": "prefab\\light\\ambient.prefab"
  },
  "ddb99b39-7004-47cd-9705-751905c43c46": {
    "asset": 1732277590181,
    "meta": 1764647855322,
    "relativePath": "prefab\\light\\directional.prefab"
  },
  "0cf30284-9073-46bc-9eba-e62b69dbbff3": {
    "asset": 1732277590181,
    "meta": 1764647855324,
    "relativePath": "prefab\\light\\point.prefab"
  },
  "f5331fd2-bf42-4ee3-a3fd-3e1657600eff": {
    "asset": 1732277590182,
    "meta": 1764647855323,
    "relativePath": "prefab\\light\\spot.prefab"
  },
  "6f801092-0c37-4f30-89ef-c8d960825b36": {
    "asset": 1732277590202,
    "meta": 1764647855382,
    "relativePath": "resources\\materials\\builtin-2d-base.mtl"
  },
  "a153945d-2511-4c14-be7b-05d242f47d57": {
    "asset": 1732277590203,
    "meta": 1764647855385,
    "relativePath": "resources\\materials\\builtin-2d-graphics.mtl"
  },
  "3a7bb79f-32fd-422e-ada2-96f518fed422": {
    "asset": 1732277590204,
    "meta": 1764647855384,
    "relativePath": "resources\\materials\\builtin-2d-gray-sprite.mtl"
  },
  "e02d87d4-e599-4d16-8001-e14891ac6506": {
    "asset": 1732277590205,
    "meta": 1764647855383,
    "relativePath": "resources\\materials\\builtin-2d-label.mtl"
  },
  "7afd064b-113f-480e-b793-8817d19f63c3": {
    "asset": 1732277590205,
    "meta": 1764647855384,
    "relativePath": "resources\\materials\\builtin-2d-spine.mtl"
  },
  "432fa09c-cf03-4cff-a186-982604408a07": {
    "asset": 1732277590207,
    "meta": 1764647855387,
    "relativePath": "resources\\materials\\builtin-3d-particle.mtl"
  },
  "eca5d2f2-8ef6-41c2-bbe6-f9c79d09c432": {
    "asset": 1732277590206,
    "meta": 1764647855386,
    "relativePath": "resources\\materials\\builtin-2d-sprite.mtl"
  },
  "466d4f9b-e5f4-4ea8-85d5-3c6e9a65658a": {
    "asset": 1732277590207,
    "meta": 1764647855393,
    "relativePath": "resources\\materials\\builtin-3d-trail.mtl"
  },
  "cf7e0bb8-a81c-44a9-ad79-d28d43991032": {
    "asset": 1732277590208,
    "meta": 1764647855394,
    "relativePath": "resources\\materials\\builtin-clear-stencil.mtl"
  },
  "2a296057-247c-4a1c-bbeb-0548b6c98650": {
    "asset": 1732277590208,
    "meta": 1764647855395,
    "relativePath": "resources\\materials\\builtin-unlit.mtl"
  },
  "b8223619-7e38-47c4-841f-9160c232495a": {
    "asset": 1732277590167,
    "meta": 1764647855408,
    "relativePath": "obsolete\\atom.plist"
  },
  "b2687ac4-099e-403c-a192-ff477686f4f5": {
    "asset": 1732277590169,
    "meta": 1764647855408,
    "relativePath": "particle\\atom.plist"
  },
  "954fec8b-cd16-4bb9-a3b7-7719660e7558": {
    "asset": 1732277590165,
    "meta": 1764647859328,
    "relativePath": "model\\primitives.fbx"
  },
  "7eab59d8-46a4-4c6c-a0fb-2492d008345a": {
    "asset": 1764647965395,
    "meta": 1764647989561,
    "relativePath": "scripts\\rechargeNode.ts"
  }
}