{
  "__type__": "cc.SpriteFrame",
  "content": {
    "name": "《健康游戏忠告》 抵制不良游戏，拒绝盗版游戏。注意自我保护，谨防受骗上当。 适度游戏益脑，沉迷游戏伤身。合理安排时间，享受健康",
    "texture": "795df40f-49ef-489d-b836-160c3ac181e2",
    "atlas": "",
    "rect": [
      3,
      2,
      597,
      115
    ],
    "offset": [
      0.5,
      0
    ],
    "originalSize": [
      602,
      119
    ],
    "capInsets": [
      0,
      0,
      0,
      0
    ]
  }
}