[
  {
    "__type__": "cc.Prefab",
    "_name": "food0",
    "_objFlags": 0,
    "_native": "",
    "data": {
      "__id__": 1
    },
    "optimizationPolicy": 0,
    "asyncLoadAssets": false,
    "readonly": false
  },
  {
    "__type__": "cc.Node",
    "_name": "food",
    "_objFlags": 0,
    "_parent": null,
    "_children": [],
    "_active": true,
    "_components": [
      {
        "__id__": 2
      },
      {
        "__id__": 3
      },
      {
        "__id__": 4
      }
    ],
    "_prefab": {
      "__id__": 5
    },
    "_opacity": 255,
    "_color": {
      "__type__": "cc.Color",
      "r": 255,
      "g": 255,
      "b": 255,
      "a": 255
    },
    "_contentSize": {
      "__type__": "cc.Size",
      "width": 43,
      "height": 43
    },
    "_anchorPoint": {
      "__type__": "cc.Vec2",
      "x": 0.5,
      "y": 0.5
    },
    "_trs": {
      "__type__": "TypedArray",
      "ctor": "Float64Array",
      "array": [
        0,
        0,
        0,
        0,
        0,
        0,
        1,
        0.8,
        0.8,
        1
      ]
    },
    "_eulerAngles": {
      "__type__": "cc.Vec3",
      "x": 0,
      "y": 0,
      "z": 0
    },
    "_skewX": 0,
    "_skewY": 0,
    "_is3DNode": false,
    "_groupIndex": 3,
    "groupIndex": 3,
    "_id": ""
  },
  {
    "__type__": "cc.Sprite",
    "_name": "",
    "_objFlags": 0,
    "node": {
      "__id__": 1
    },
    "_enabled": true,
    "_materials": [
      {
        "__uuid__": "eca5d2f2-8ef6-41c2-bbe6-f9c79d09c432"
      }
    ],
    "_srcBlendFactor": 770,
    "_dstBlendFactor": 771,
    "_spriteFrame": {
      "__uuid__": "b943f84d-d6b1-4502-85b4-0767b3fbb546"
    },
    "_type": 0,
    "_sizeMode": 2,
    "_fillType": 0,
    "_fillCenter": {
      "__type__": "cc.Vec2",
      "x": 0,
      "y": 0
    },
    "_fillStart": 0,
    "_fillRange": 0,
    "_isTrimmedMode": true,
    "_atlas": null,
    "_id": ""
  },
  {
    "__type__": "bbf04aADN1OlKZzLl0/Ladg",
    "_name": "",
    "_objFlags": 0,
    "node": {
      "__id__": 1
    },
    "_enabled": true,
    "_id": ""
  },
  {
    "__type__": "cc.PolygonCollider",
    "_name": "",
    "_objFlags": 0,
    "node": {
      "__id__": 1
    },
    "_enabled": true,
    "tag": 0,
    "_offset": {
      "__type__": "cc.Vec2",
      "x": 0,
      "y": 0
    },
    "points": [
      {
        "__type__": "cc.Vec2",
        "x": -7.4,
        "y": 17.3
      },
      {
        "__type__": "cc.Vec2",
        "x": -10.62,
        "y": 7.38
      },
      {
        "__type__": "cc.Vec2",
        "x": -15.05,
        "y": 4.13
      },
      {
        "__type__": "cc.Vec2",
        "x": -17.79,
        "y": 1.46
      },
      {
        "__type__": "cc.Vec2",
        "x": -17.96,
        "y": -2.73
      },
      {
        "__type__": "cc.Vec2",
        "x": -9.26,
        "y": -7.99
      },
      {
        "__type__": "cc.Vec2",
        "x": -8.69,
        "y": -11.03
      },
      {
        "__type__": "cc.Vec2",
        "x": -4.7,
        "y": -17.85
      },
      {
        "__type__": "cc.Vec2",
        "x": -0.71,
        "y": -17.43
      },
      {
        "__type__": "cc.Vec2",
        "x": 5.82,
        "y": -10.95
      },
      {
        "__type__": "cc.Vec2",
        "x": 14.45,
        "y": -11.08
      },
      {
        "__type__": "cc.Vec2",
        "x": 17.22,
        "y": -6.06
      },
      {
        "__type__": "cc.Vec2",
        "x": 13.22,
        "y": 1.32
      },
      {
        "__type__": "cc.Vec2",
        "x": 15.68,
        "y": 10.34
      },
      {
        "__type__": "cc.Vec2",
        "x": 13.31,
        "y": 13.74
      },
      {
        "__type__": "cc.Vec2",
        "x": 2.66,
        "y": 13.83
      },
      {
        "__type__": "cc.Vec2",
        "x": -3.5,
        "y": 18.01
      }
    ],
    "_id": ""
  },
  {
    "__type__": "cc.PrefabInfo",
    "root": {
      "__id__": 1
    },
    "asset": {
      "__id__": 0
    },
    "fileId": "",
    "sync": false
  }
]