[
  {
    "__type__": "cc.Prefab",
    "_name": "monster1",
    "_objFlags": 0,
    "_native": "",
    "data": {
      "__id__": 1
    },
    "optimizationPolicy": 0,
    "asyncLoadAssets": false,
    "readonly": false
  },
  {
    "__type__": "cc.Node",
    "_name": "monster",
    "_objFlags": 0,
    "_parent": null,
    "_children": [],
    "_active": true,
    "_components": [
      {
        "__id__": 2
      },
      {
        "__id__": 3
      },
      {
        "__id__": 4
      }
    ],
    "_prefab": {
      "__id__": 5
    },
    "_opacity": 255,
    "_color": {
      "__type__": "cc.Color",
      "r": 255,
      "g": 255,
      "b": 255,
      "a": 255
    },
    "_contentSize": {
      "__type__": "cc.Size",
      "width": 344,
      "height": 334
    },
    "_anchorPoint": {
      "__type__": "cc.Vec2",
      "x": 0.5,
      "y": 0.5
    },
    "_trs": {
      "__type__": "TypedArray",
      "ctor": "Float64Array",
      "array": [
        0,
        0,
        0,
        0,
        0,
        0,
        1,
        0.3,
        0.3,
        1
      ]
    },
    "_eulerAngles": {
      "__type__": "cc.Vec3",
      "x": 0,
      "y": 0,
      "z": 0
    },
    "_skewX": 0,
    "_skewY": 0,
    "_is3DNode": false,
    "_groupIndex": 8,
    "groupIndex": 8,
    "_id": ""
  },
  {
    "__type__": "sp.Skeleton",
    "_name": "",
    "_objFlags": 0,
    "node": {
      "__id__": 1
    },
    "_enabled": true,
    "_materials": [
      {
        "__uuid__": "7afd064b-113f-480e-b793-8817d19f63c3"
      }
    ],
    "paused": false,
    "defaultSkin": "default",
    "defaultAnimation": "newAnimation",
    "_preCacheMode": 0,
    "_cacheMode": 0,
    "loop": true,
    "premultipliedAlpha": false,
    "timeScale": 1,
    "_accTime": 0,
    "_playCount": 0,
    "_frameCache": null,
    "_curFrame": null,
    "_skeletonCache": null,
    "_animationName": "newAnimation",
    "_animationQueue": [],
    "_headAniInfo": null,
    "_playTimes": 0,
    "_isAniComplete": true,
    "_N$skeletonData": {
      "__uuid__": "1fd521bd-a240-450d-95fc-cc150bc67cdd"
    },
    "_N$_defaultCacheMode": 0,
    "_N$debugSlots": false,
    "_N$debugBones": false,
    "_N$debugMesh": false,
    "_N$useTint": false,
    "_N$enableBatch": false,
    "_id": ""
  },
  {
    "__type__": "cc.PolygonCollider",
    "_name": "",
    "_objFlags": 0,
    "node": {
      "__id__": 1
    },
    "_enabled": true,
    "tag": 0,
    "_offset": {
      "__type__": "cc.Vec2",
      "x": 0,
      "y": 0
    },
    "points": [
      {
        "__type__": "cc.Vec2",
        "x": -70.5,
        "y": 10.3
      },
      {
        "__type__": "cc.Vec2",
        "x": -54.1,
        "y": 35.4
      },
      {
        "__type__": "cc.Vec2",
        "x": -22.4,
        "y": -39.4
      },
      {
        "__type__": "cc.Vec2",
        "x": -0.1,
        "y": -18.1
      },
      {
        "__type__": "cc.Vec2",
        "x": 46.3,
        "y": -52.2
      },
      {
        "__type__": "cc.Vec2",
        "x": 56.2,
        "y": -98.8
      },
      {
        "__type__": "cc.Vec2",
        "x": 73.7,
        "y": -126.7
      },
      {
        "__type__": "cc.Vec2",
        "x": 87.1,
        "y": -72.9
      },
      {
        "__type__": "cc.Vec2",
        "x": 119.1,
        "y": -80.8
      },
      {
        "__type__": "cc.Vec2",
        "x": 151,
        "y": -73.4
      },
      {
        "__type__": "cc.Vec2",
        "x": 139.2,
        "y": -53.9
      },
      {
        "__type__": "cc.Vec2",
        "x": 118.4,
        "y": -38.4
      },
      {
        "__type__": "cc.Vec2",
        "x": 90.8,
        "y": -28.4
      },
      {
        "__type__": "cc.Vec2",
        "x": 62.3,
        "y": -25.6
      },
      {
        "__type__": "cc.Vec2",
        "x": 26.3,
        "y": -9.6
      },
      {
        "__type__": "cc.Vec2",
        "x": 16.98,
        "y": 8.16
      },
      {
        "__type__": "cc.Vec2",
        "x": 47.65,
        "y": -0.54
      },
      {
        "__type__": "cc.Vec2",
        "x": 38.2,
        "y": 16.4
      },
      {
        "__type__": "cc.Vec2",
        "x": 22.2,
        "y": 26.5
      },
      {
        "__type__": "cc.Vec2",
        "x": 5.9,
        "y": 34.7
      },
      {
        "__type__": "cc.Vec2",
        "x": -3.2,
        "y": 70.6
      },
      {
        "__type__": "cc.Vec2",
        "x": 24.2,
        "y": 51.4
      },
      {
        "__type__": "cc.Vec2",
        "x": 56,
        "y": 48.6
      },
      {
        "__type__": "cc.Vec2",
        "x": 71,
        "y": 59
      },
      {
        "__type__": "cc.Vec2",
        "x": 57.7,
        "y": 61.4
      },
      {
        "__type__": "cc.Vec2",
        "x": 33.5,
        "y": 96.4
      },
      {
        "__type__": "cc.Vec2",
        "x": -10.9,
        "y": 113.5
      },
      {
        "__type__": "cc.Vec2",
        "x": -59.3,
        "y": 159.9
      },
      {
        "__type__": "cc.Vec2",
        "x": -86,
        "y": 147.6
      },
      {
        "__type__": "cc.Vec2",
        "x": -109.8,
        "y": 37.1
      }
    ],
    "_id": ""
  },
  {
    "__type__": "1a41esMbP9Ej7RB5v84dGHS",
    "_name": "",
    "_objFlags": 0,
    "node": {
      "__id__": 1
    },
    "_enabled": true,
    "ndAni": {
      "__id__": 2
    },
    "type": 2,
    "_id": ""
  },
  {
    "__type__": "cc.PrefabInfo",
    "root": {
      "__id__": 1
    },
    "asset": {
      "__id__": 0
    },
    "fileId": "",
    "sync": false
  }
]