{
  "__type__": "sp.SkeletonData",
  "_name": "NewProject",
  "_objFlags": 0,
  "_native": "",
  "_skeletonJson": {
    "skeleton": {
      "width": 344,
      "height": 334,
      "fps": 24,
      "hash": " ",
      "name": "Armature"
    },
    "bones": [
      {
        "name": "root"
      },
      {
        "length": 68,
        "x": -73.65,
        "y": 140.85,
        "rotation": -70.9444,
        "name": "未标题-12",
        "parent": "root"
      },
      {
        "length": 68,
        "x": 82.5365,
        "y": 1.1141,
        "rotation": 17.848,
        "name": "未标题-121",
        "parent": "未标题-12"
      },
      {
        "length": 70,
        "x": 87.7113,
        "y": 2.2284,
        "rotation": 15.933,
        "name": "未标题-122",
        "parent": "未标题-121"
      },
      {
        "length": 70,
        "x": 74.3326,
        "y": 3.5809,
        "rotation": 20.4094,
        "name": "未标题-123",
        "parent": "未标题-122"
      },
      {
        "length": 52,
        "x": 69.1403,
        "y": -11.5859,
        "rotation": -42.1699,
        "name": "未标题-124",
        "parent": "未标题-122"
      }
    ],
    "slots": [
      {
        "name": "未标题-12",
        "bone": "未标题-124",
        "attachment": "未标题-1"
      }
    ],
    "skins": {
      "default": {
        "未标题-12": {
          "未标题-1": {
            "name": "未标题-1",
            "width": 344,
            "height": 334,
            "hull": 69,
            "triangles": [
              31,
              28,
              29,
              31,
              29,
              30,
              27,
              28,
              31,
              32,
              27,
              31,
              26,
              27,
              32,
              33,
              26,
              32,
              34,
              19,
              33,
              19,
              20,
              26,
              33,
              19,
              26,
              26,
              20,
              25,
              20,
              24,
              25,
              22,
              23,
              24,
              21,
              22,
              24,
              20,
              21,
              24,
              52,
              50,
              51,
              52,
              53,
              50,
              53,
              49,
              50,
              54,
              48,
              49,
              54,
              49,
              53,
              18,
              19,
              34,
              55,
              48,
              54,
              56,
              48,
              55,
              42,
              38,
              41,
              47,
              48,
              56,
              35,
              18,
              34,
              41,
              39,
              40,
              38,
              39,
              41,
              57,
              46,
              56,
              46,
              47,
              56,
              58,
              46,
              57,
              45,
              46,
              58,
              37,
              38,
              42,
              43,
              37,
              42,
              59,
              45,
              58,
              36,
              18,
              35,
              43,
              36,
              37,
              60,
              45,
              59,
              44,
              17,
              36,
              44,
              36,
              43,
              11,
              17,
              44,
              61,
              45,
              60,
              45,
              11,
              44,
              10,
              11,
              45,
              13,
              15,
              16,
              61,
              9,
              45,
              9,
              10,
              45,
              17,
              12,
              16,
              12,
              13,
              16,
              11,
              12,
              17,
              62,
              9,
              61,
              0,
              9,
              62,
              13,
              14,
              15,
              63,
              65,
              62,
              65,
              0,
              62,
              68,
              0,
              65,
              64,
              65,
              63,
              0,
              1,
              9,
              67,
              68,
              66,
              66,
              68,
              65,
              7,
              4,
              6,
              4,
              5,
              6,
              8,
              4,
              7,
              3,
              4,
              8,
              1,
              8,
              9,
              1,
              2,
              8,
              2,
              3,
              8,
              36,
              17,
              18
            ],
            "uvs": [
              0.15916,
              0.20883,
              0.1577,
              0.35823,
              0.12282,
              0.4491,
              0.15465,
              0.50075,
              0.21424,
              0.5229,
              0.24637,
              0.56542,
              0.2782,
              0.54491,
              0.27515,
              0.46811,
              0.24942,
              0.41452,
              0.25523,
              0.38458,
              0.29477,
              0.45734,
              0.35654,
              0.51422,
              0.35698,
              0.58713,
              0.38416,
              0.66512,
              0.38968,
              0.71527,
              0.41584,
              0.69416,
              0.43895,
              0.6238,
              0.42936,
              0.57725,
              0.53474,
              0.65898,
              0.59956,
              0.74012,
              0.61265,
              0.83772,
              0.64273,
              0.91946,
              0.67384,
              0.95763,
              0.6939,
              0.95404,
              0.69535,
              0.89671,
              0.71701,
              0.81557,
              0.71744,
              0.78653,
              0.79317,
              0.81198,
              0.86453,
              0.80883,
              0.90523,
              0.79326,
              0.91323,
              0.78144,
              0.89506,
              0.72665,
              0.79971,
              0.66407,
              0.70334,
              0.64177,
              0.60799,
              0.62635,
              0.56744,
              0.60928,
              0.51628,
              0.54416,
              0.53823,
              0.54626,
              0.56294,
              0.5515,
              0.60203,
              0.5741,
              0.6109,
              0.5747,
              0.61047,
              0.55734,
              0.57863,
              0.50494,
              0.52006,
              0.4732,
              0.4827,
              0.46063,
              0.45378,
              0.34671,
              0.4923,
              0.39042,
              0.54564,
              0.42021,
              0.60785,
              0.42695,
              0.65843,
              0.41946,
              0.6766,
              0.39401,
              0.68125,
              0.38009,
              0.67224,
              0.37814,
              0.6577,
              0.38398,
              0.6439,
              0.38623,
              0.6282,
              0.37874,
              0.61003,
              0.3497,
              0.59244,
              0.30629,
              0.55073,
              0.26168,
              0.50073,
              0.24491,
              0.46337,
              0.24266,
              0.42892,
              0.23129,
              0.4016,
              0.17934,
              0.3734,
              0.13638,
              0.34128,
              0.11078,
              0.30494,
              0.10524,
              0.28067,
              0.09371,
              0.25087,
              0.09536,
              0.23299,
              0.11078
            ],
            "edges": [
              0,
              2,
              2,
              4,
              4,
              6,
              6,
              8,
              8,
              10,
              10,
              12,
              12,
              14,
              14,
              16,
              16,
              18,
              18,
              20,
              20,
              22,
              22,
              24,
              24,
              26,
              26,
              28,
              28,
              30,
              30,
              32,
              32,
              34,
              34,
              36,
              36,
              38,
              38,
              40,
              40,
              42,
              42,
              44,
              44,
              46,
              46,
              48,
              48,
              50,
              50,
              52,
              52,
              54,
              54,
              56,
              56,
              58,
              58,
              60,
              60,
              62,
              62,
              64,
              64,
              66,
              66,
              68,
              68,
              70,
              70,
              72,
              72,
              74,
              74,
              76,
              76,
              78,
              78,
              80,
              80,
              82,
              82,
              84,
              84,
              86,
              86,
              88,
              88,
              90,
              90,
              92,
              92,
              94,
              94,
              96,
              96,
              98,
              98,
              100,
              100,
              102,
              102,
              104,
              104,
              106,
              106,
              108,
              108,
              110,
              110,
              112,
              112,
              114,
              114,
              116,
              116,
              118,
              118,
              120,
              120,
              122,
              122,
              124,
              124,
              126,
              126,
              128,
              128,
              130,
              130,
              132,
              132,
              134,
              134,
              136,
              136,
              0
            ],
            "vertices": [
              2,
              1,
              10.43,
              -36.89,
              0.84,
              2,
              -80.28,
              -14.07,
              0.16,
              2,
              1,
              57.43,
              -53.65,
              0.56,
              2,
              -40.68,
              -44.43,
              0.44,
              2,
              1,
              82.2,
              -74.9,
              0.47,
              2,
              -23.62,
              -72.25,
              0.53,
              2,
              1,
              102.08,
              -70.18,
              0.46,
              2,
              -3.25,
              -73.86,
              0.54,
              2,
              1,
              115.77,
              -53.22,
              0.42,
              2,
              14.98,
              -61.91,
              0.58,
              2,
              1,
              132.8,
              -47.41,
              0.36,
              2,
              32.97,
              -61.6,
              0.64,
              2,
              1,
              129.9,
              -34.83,
              0.31,
              2,
              34.07,
              -48.73,
              0.69,
              2,
              1,
              105.31,
              -27.45,
              0.34,
              2,
              12.92,
              -34.17,
              0.66,
              2,
              1,
              85.5,
              -29.97,
              0.44,
              2,
              -6.7,
              -30.49,
              0.56,
              2,
              1,
              76.7,
              -24.81,
              0.52,
              2,
              -13.5,
              -22.89,
              0.48,
              4,
              1,
              104.11,
              -19.89,
              0.266612,
              2,
              14.1,
              -26.61,
              0.640144,
              5,
              -112.3,
              -96.24,
              0.020722,
              3,
              -78.7,
              -7.52,
              0.072522,
              4,
              1,
              129.01,
              -6.01,
              0.089306,
              2,
              42.05,
              -21.02,
              0.7593,
              3,
              -50.29,
              -9.82,
              0.127864,
              5,
              -89.7,
              -78.87,
              0.02353,
              4,
              1,
              152.07,
              -13.82,
              0.092218,
              2,
              61.61,
              -35.52,
              0.530426,
              5,
              -65.74,
              -83.23,
              0.059518,
              3,
              -35.46,
              -29.14,
              0.317838,
              4,
              2,
              88.06,
              -43.69,
              0.37984,
              5,
              -38.41,
              -78.86,
              0.114109,
              4,
              -97.85,
              -14.63,
              0.089705,
              3,
              -12.27,
              -44.25,
              0.416346,
              4,
              2,
              102.59,
              -52.23,
              0.309858,
              5,
              -21.6,
              -80.1,
              0.176729,
              3,
              -0.64,
              -56.45,
              0.381565,
              4,
              -91.2,
              -30.12,
              0.131847,
              4,
              3,
              2.27,
              -45.39,
              0.423202,
              2,
              102.36,
              -40.8,
              0.306521,
              5,
              -26.86,
              -69.95,
              0.155371,
              4,
              -84.61,
              -20.77,
              0.114906,
              4,
              3,
              -5.59,
              -21.86,
              0.562542,
              2,
              88.34,
              -20.33,
              0.34635,
              5,
              -48.48,
              -57.78,
              0.050369,
              4,
              -83.78,
              4.02,
              0.040739,
              4,
              1,
              157.08,
              10.8,
              0.017625,
              2,
              73.93,
              -13.63,
              0.642067,
              3,
              -17.61,
              -11.47,
              0.321447,
              5,
              -64.38,
              -58.15,
              0.018862,
              4,
              3,
              27.77,
              -11.32,
              0.846769,
              5,
              -30.84,
              -27.58,
              0.063494,
              4,
              -48.84,
              2.27,
              0.045462,
              2,
              117.52,
              -1.04,
              0.044276,
              4,
              5,
              -0.08,
              -10.68,
              0.673837,
              3,
              61.91,
              -19.45,
              0.20315,
              4,
              -19.67,
              -17.25,
              0.112269,
              2,
              152.58,
              0.52,
              0.010744,
              4,
              5,
              32.79,
              -12.29,
              0.868137,
              3,
              85.19,
              -42.71,
              0.063825,
              4,
              -5.97,
              -47.17,
              0.058015,
              2,
              181.35,
              -15.45,
              0.010022,
              4,
              5,
              61.54,
              -7.17,
              0.93956,
              4,
              11.82,
              -70.33,
              0.027064,
              3,
              109.93,
              -58.21,
              0.026862,
              2,
              209.4,
              -23.57,
              0.006515,
              4,
              5,
              76.05,
              0.98,
              0.835132,
              4,
              25.74,
              -79.45,
              0.076638,
              3,
              126.16,
              -61.91,
              0.069245,
              2,
              226.02,
              -22.67,
              0.018986,
              4,
              5,
              76.14,
              7.98,
              0.813721,
              4,
              32,
              -76.32,
              0.090369,
              3,
              130.93,
              -56.79,
              0.075864,
              2,
              229.2,
              -16.43,
              0.020046,
              4,
              5,
              57.42,
              12.02,
              0.907667,
              4,
              26.96,
              -57.83,
              0.047172,
              3,
              119.76,
              -41.22,
              0.037785,
              2,
              214.19,
              -4.53,
              0.007376,
              4,
              5,
              32.16,
              24.36,
              0.490278,
              4,
              26.28,
              -29.74,
              0.328803,
              3,
              109.33,
              -15.13,
              0.163763,
              2,
              196.99,
              17.7,
              0.017156,
              4,
              4,
              23.63,
              -20.41,
              0.504535,
              5,
              22.66,
              26.3,
              0.303884,
              3,
              103.59,
              -7.31,
              0.177826,
              2,
              189.33,
              23.64,
              0.013755,
              4,
              4,
              51.02,
              -21.04,
              0.757737,
              5,
              35.83,
              50.33,
              0.132448,
              3,
              129.49,
              1.66,
              0.094718,
              2,
              211.77,
              39.37,
              0.015097,
              4,
              4,
              74.22,
              -12.95,
              0.935731,
              5,
              39.35,
              74.65,
              0.031198,
              3,
              148.42,
              17.32,
              0.026954,
              2,
              225.67,
              59.63,
              0.006118,
              4,
              4,
              86.13,
              -3.94,
              0.929186,
              5,
              36.83,
              89.37,
              0.032091,
              3,
              156.43,
              29.93,
              0.030635,
              2,
              229.92,
              73.95,
              0.008088,
              4,
              4,
              87.63,
              0.64,
              0.924317,
              5,
              33.46,
              92.8,
              0.033394,
              3,
              156.24,
              34.73,
              0.033272,
              2,
              228.41,
              78.52,
              0.009016,
              4,
              4,
              76.37,
              16.36,
              0.91471,
              3,
              140.2,
              45.54,
              0.040231,
              5,
              14.31,
              90.05,
              0.034744,
              2,
              210.02,
              84.51,
              0.010314,
              4,
              4,
              38.93,
              26.92,
              0.672066,
              3,
              101.44,
              42.38,
              0.174793,
              5,
              -12.3,
              61.68,
              0.123045,
              2,
              173.62,
              70.83,
              0.030096,
              4,
              4,
              5.04,
              24.49,
              0.455737,
              3,
              70.52,
              28.3,
              0.341338,
              5,
              -25.75,
              30.48,
              0.171661,
              2,
              147.75,
              48.8,
              0.031264,
              4,
              3,
              41.27,
              12.59,
              0.773424,
              4,
              -27.85,
              19.97,
              0.10428,
              5,
              -36.88,
              -0.8,
              0.089974,
              2,
              123.94,
              25.66,
              0.032322,
              4,
              3,
              26.71,
              8.7,
              0.90743,
              2,
              111,
              17.93,
              0.031616,
              5,
              -45.07,
              -13.45,
              0.031034,
              4,
              -42.85,
              21.41,
              0.02992,
              4,
              3,
              -0.46,
              15.4,
              0.646366,
              2,
              83.04,
              16.91,
              0.299347,
              5,
              -69.7,
              -26.72,
              0.027531,
              4,
              -65.97,
              37.16,
              0.026756,
              4,
              3,
              5.98,
              19.4,
              0.639084,
              2,
              88.14,
              22.53,
              0.26343,
              4,
              -58.54,
              38.67,
              0.048877,
              5,
              -67.61,
              -19.43,
              0.048609,
              4,
              3,
              13.81,
              23.15,
              0.620073,
              2,
              94.64,
              28.28,
              0.220005,
              4,
              -49.9,
              39.44,
              0.082096,
              5,
              -64.32,
              -11.4,
              0.077826,
              4,
              3,
              29.09,
              25.25,
              0.590887,
              4,
              -34.84,
              36.09,
              0.149735,
              2,
              108.75,
              34.5,
              0.132126,
              5,
              -54.41,
              0.42,
              0.127251,
              4,
              3,
              31.64,
              26.94,
              0.560113,
              4,
              -31.86,
              36.78,
              0.171623,
              5,
              -53.65,
              3.38,
              0.140614,
              2,
              110.75,
              36.82,
              0.12765,
              4,
              3,
              28.02,
              31.47,
              0.515009,
              4,
              -33.68,
              42.29,
              0.174492,
              2,
              106.02,
              40.18,
              0.166629,
              5,
              -59.38,
              4.31,
              0.143871,
              4,
              3,
              8.72,
              38.8,
              0.445558,
              2,
              85.45,
              41.93,
              0.325119,
              4,
              -49.21,
              55.89,
              0.120954,
              5,
              -78.6,
              -3.22,
              0.108369,
              4,
              1,
              134.42,
              51.63,
              0.073346,
              2,
              64.87,
              32.18,
              0.501318,
              3,
              -13.74,
              35.07,
              0.365985,
              4,
              -71.56,
              60.23,
              0.059351,
              4,
              1,
              126.26,
              40.86,
              0.076726,
              2,
              53.8,
              24.43,
              0.651113,
              3,
              -26.52,
              30.66,
              0.236526,
              4,
              -85.07,
              60.55,
              0.035635,
              2,
              1,
              87.04,
              43.88,
              0.39,
              2,
              17.4,
              39.32,
              0.61,
              2,
              1,
              105.17,
              51.63,
              0.27,
              2,
              37.03,
              41.15,
              0.73,
              2,
              1,
              120.57,
              65.73,
              0.25,
              2,
              56,
              49.85,
              0.75,
              1,
              2,
              70.65,
              65.61,
              1,
              1,
              2,
              79.1,
              81.03,
              1,
              1,
              2,
              76.06,
              91.13,
              1,
              1,
              2,
              73.3,
              95.2,
              1,
              1,
              2,
              70.92,
              93.11,
              1,
              1,
              2,
              69.48,
              87.94,
              1,
              2,
              1,
              120.87,
              101.38,
              0.32,
              2,
              67.22,
              83.69,
              0.68,
              2,
              1,
              116.75,
              97.09,
              0.35,
              2,
              61.98,
              80.88,
              0.65,
              2,
              1,
              105.54,
              94.35,
              0.37,
              2,
              50.47,
              81.7,
              0.63,
              2,
              1,
              89.86,
              93.37,
              0.43,
              2,
              35.24,
              85.57,
              0.57,
              2,
              1,
              71.09,
              84.67,
              0.48,
              2,
              14.71,
              83.04,
              0.52,
              2,
              1,
              60.18,
              70.24,
              0.53,
              2,
              -0.09,
              72.65,
              0.47,
              2,
              1,
              55.28,
              58.34,
              0.55,
              2,
              -8.41,
              62.83,
              0.45,
              2,
              1,
              47.82,
              48.38,
              0.61,
              2,
              -18.56,
              55.63,
              0.39,
              2,
              1,
              28.35,
              45.16,
              0.71,
              2,
              -38.08,
              58.53,
              0.29,
              2,
              1,
              11.62,
              40.68,
              0.8,
              2,
              -55.38,
              59.39,
              0.2,
              2,
              1,
              -0.07,
              33.02,
              0.88,
              2,
              -68.85,
              55.69,
              0.12,
              2,
              1,
              -5.9,
              21.81,
              0.94,
              2,
              -77.84,
              46.81,
              0.06,
              3,
              1,
              -12.27,
              15.18,
              0.949282,
              2,
              -85.93,
              42.44,
              0.039343,
              3,
              -155.93,
              86.34,
              0.011375,
              3,
              1,
              -15.09,
              5.31,
              0.966643,
              2,
              -91.65,
              33.92,
              0.025901,
              3,
              -163.77,
              79.71,
              0.007456,
              3,
              1,
              -12.23,
              -2.19,
              0.978567,
              2,
              -91.22,
              25.91,
              0.016797,
              3,
              -165.56,
              71.89,
              0.004636
            ],
            "type": "mesh"
          }
        }
      }
    },
    "animations": {
      "newAnimation": {
        "bones": {
          "未标题-122": {
            "rotate": [
              {
                "time": 0,
                "angle": 0
              },
              {
                "time": 0.4167,
                "angle": 21.33
              },
              {
                "time": 0.8334,
                "angle": 0
              },
              {
                "time": 1.2501,
                "angle": -24.33
              },
              {
                "time": 1.6668,
                "angle": 0
              }
            ],
            "shear": [
              {
                "time": 0
              },
              {
                "time": 0.4167
              },
              {
                "time": 0.8334
              },
              {
                "time": 1.2501
              },
              {
                "time": 1.6668
              }
            ]
          }
        }
      }
    }
  },
  "_atlasText": "\r\nNewProject.png\r\nsize: 512,512\r\nformat: RGBA8888\r\nfilter: Linear,Linear\r\nrepeat: none\r\n未标题-1\r\n  rotate: false\r\n  xy: 1, 1\r\n  size: 344, 334\r\n  orig: 344, 334\r\n  offset: 0, 0\r\n  index: -1\r\n",
  "textures": [
    {
      "__uuid__": "884f1f8d-3afe-47ee-b609-99d4d032ca2c"
    }
  ],
  "textureNames": [
    "NewProject.png"
  ],
  "scale": 1
}